Company,timestamp,headline
SPGI,2020-08-25 06:19:00,Lithia Motors Set to Join S&P MidCap 400; BankUnited & Trupanion to Join S&P SmallCap 600 PR Newswire
SPGI,2020-08-25 06:18:00,"S&P 500 Gains on Dow Jones Changes, but Most Stocks Close Lower Motley Fool"
SPGI,2020-08-25 10:49:00,Biggest ESG ETFs Are Being Overshadowed by Clean-Energy Funds Bloomberg
SPGI,2020-08-25 10:30:00,S&P CoreLogic Case-Shiller Index Reports 4.3% Annual Home Price Gain in June PR Newswire
SPGI,2020-08-25 12:17:00,"Apple Stock Split Causes Dow Jones Industrial Average Shuffle; Salesforce, Amgen, Honeywell To Make Entry Benzinga"
SPGI,2020-08-24 06:23:00,"Salesforce.com, Amgen and Honeywell International Set to Join Dow Jones Industrial Average PR Newswire"
SPGI,2020-08-20 08:58:00,S&P Global (SPGI) Hits 52-Week High: What's Driving It? Zacks
SPGI,2020-08-18 10:56:00,S&P/Experian Consumer Credit Default Indices Show Composite Rate Unchanged In July 2020 PR Newswire
SPGI,2020-08-17 07:14:00,"McGraw-Hill Global Education Holdings, LLC -- Moody's downgrades McGraw Hill CFR to Caa2; outlook negative Moody's"
SPGI,2020-08-17 04:17:00,"Olstein Capital Trims Lowe's, eBay Holdings GuruFocus.com"
SPGI,2020-08-17 07:00:00,"S&P Global Announces Expiration of Tender Offer for Any and All of Its Outstanding 4.400% Senior Notes Due 2026, 6.550% Senior Notes Due 2037 and 4.500% Senior Notes due 2048 PR Newswire"
SPGI,2020-08-17 06:36:00,S&P Global Platts Launches First Sustainable Aviation Fuel Price Assessments in Europe PR Newswire
SPGI,2020-08-14 02:58:00,"S&P Global Announces Pricing of Tender Offer for Any and All of Its Outstanding 4.400% Senior Notes Due 2026, 6.550% Senior Notes due 2037 and 4.500% Senior Notes due 2048 PR Newswire"
SPGI,2020-08-14 09:00:00,Rapid declines for multichannel subscriptions persist in second quarter PR Newswire
SPGI,2020-08-13 09:12:00,S&P Global Announces Redemption of Its Outstanding 4.400% Senior Notes Due 2026 PR Newswire
SPGI,2020-08-13 09:00:00,COVID-19 Accelerated Media and Technology Adoption for Chinese Consumers PR Newswire
SPGI,2020-08-11 05:52:00,Builders FirstSource Set to Join S&P MidCap 400; FB Financial & CoreCivic to Join S&P SmallCap 600 PR Newswire
SPGI,2020-08-10 06:48:00,"S&P Global Announces Pricing of Public Offering of $600,000,000 Senior Notes due 2030 and $700,000,000 Senior Notes due 2060 PR Newswire"
SPGI,2020-08-10 01:01:00,S&P Global Inc. -- Moody's assigns A3 rating to S&P Global's senior unsecured notes in $1.7 billion tender Moody's
SPGI,2020-08-10 12:00:00,"S&P Global to Present at the UBS Financial Services Virtual Conference on August 12, 2020 PR Newswire"
SPGI,2020-08-10 11:08:00,Is S&P Global (SPGI) a Smart Long-term Buy? Insider Monkey
SPGI,2020-08-10 08:45:00,S&P Global Announces Public Offering of Senior Notes PR Newswire
SPGI,2020-08-06 03:38:00,S&P Global Inc. -- Moody's announces completion of a periodic review of ratings of S&P Global Inc. Moody's
SPGI,2020-08-06 07:00:00,"Corporate Chieftains Can Talk Less, Pay More Bloomberg"
SPGI,2020-08-05 04:53:00,S&P Dow Jones Indices Completes Its Annual Review of Adherence with IOSCO Principles for Financial Benchmarks PR Newswire
SPGI,2020-08-05 04:00:00,Is Firm Behind S&P 500 Set To Pop With 48.3% Profit Margin? Investor's Business Daily
SPGI,2020-08-03 05:34:00,PepsiCo Slashed in David Carlson's 2nd-Quarter Portfolio GuruFocus.com
SPGI,2020-08-03 04:07:00,"Elfun Trust Trims PepsiCo, Gilead GuruFocus.com"
SPGI,2020-08-03 04:30:00,S&P Global Platts Launches Oil Fundamental Data APIs to Digitize Commodity Markets PR Newswire
SPGI,2020-08-01 09:00:00,An Accommodative Federal Reserve Helps Drive Higher Earnings for S&P Global Motley Fool
SPGI,2020-07-29 07:08:00,Park National Set to Join S&P SmallCap 600 PR Newswire
SPGI,2020-07-29 05:20:00,How the coronavirus is crushing credit ratings Reuters
SPGI,2020-07-29 05:05:00,How the coronavirus is crushing credit ratings Reuters
SPGI,2020-07-28 06:49:00,"Sunrun, IAA & Rexford Industrial Realty Set to Join S&P MidCap 400; Bancfirst, Deluxe & Carpenter Technology to Join S&P SmallCap 600 PR Newswire"
SPGI,2020-07-28 04:01:00,S&P Global Inc. (SPGI) Q2 2020 Earnings Call Transcript Motley Fool
SPGI,2020-07-28 11:03:00,"S&P Global (SPGI) Beats Q2 Earnings Estimates, Ups EPS View Zacks"
SPGI,2020-07-28 11:02:00,S&P CoreLogic Case-Shiller Index Reports 4.5% Annual Home Price Gain In May PR Newswire
SPGI,2020-07-28 08:35:00,S&P Global (SPGI) Surpasses Q2 Earnings and Revenue Estimates Zacks
SPGI,2020-07-28 07:10:00,S&P Global Revenue Increased 14% In Second Quarter PR Newswire
SPGI,2020-07-27 02:20:00,Top Financial Stocks for August 2020 Investopedia
SPGI,2020-07-27 08:00:00,Tech Giants Suffer $155 Billion Hit As Reckoning Nears Investor's Business Daily
SPGI,2020-07-24 08:58:00,S&P Global Market Intelligence Bolsters Aftermarket Offering with addition of Credit Suisse Research PR Newswire
SPGI,2020-07-23 10:26:00,Is a Beat in the Cards for S&P Global (SPGI) in Q2 Earnings? Zacks
SPGI,2020-07-23 08:00:00,Hidden Risk: Which Giant Stocks Dominate All 11 Sectors? Investor's Business Daily
SPGI,2020-07-21 12:31:00,S&P Global (SPGI) Earnings Expected to Grow: What to Know Ahead of Next Week's Release Zacks
SPGI,2020-07-21 09:48:00,S&P/Experian Consumer Credit Default Indices Show Lower Composite Rate For Fourth Consecutive Month In June 2020 PR Newswire
SPGI,2020-07-21 08:00:00,Tax Free? 41 Big And Profitable U.S. Companies Paid No Tax Investor's Business Daily
SPGI,2020-07-20 06:36:00,Emergent BioSolutions Set to Join S&P MidCap 400; First Hawaiian to Join S&P SmallCap 600 PR Newswire
SPGI,2020-07-20 08:00:00,10 Companies' Profit Misses Blow Up In Investors' Faces Investor's Business Daily
SPGI,2020-07-17 07:13:00,Why MSCI and S&P Global Stock Are Worth Buying at Any Price Barrons.com
SPGI,2020-07-17 08:00:00,7 Smaller Retailers Give Amazon.com A Run For Its Money Investor's Business Daily
SPGI,2020-07-17 05:33:00,Crude Prices Drift but Gasoline Hits 2-Week Low on Virus Fears Investing.com
SPGI,2020-07-16 09:00:00,S&P Global (SPGI) Touches 52-Week High: What's Driving It? Zacks
SPGI,2020-07-16 08:00:00,11 Top Stocks (Like Tesla And Moderna) Still Missing In The S&P 500 Investor's Business Daily
SPGI,2020-07-15 08:00:00,How Investors Lost A Fifth Of Their Money On A Stock Yielding 3% Investor's Business Daily
SPGI,2020-07-14 09:00:00,S&P Global Market Intelligence and Oliver Wyman Collaborate to Launch First-of-its-Kind Climate-Linked Credit Analytics Model Suite PR Newswire
SPGI,2020-07-14 08:00:00,Analysts: One Company's Profit Will Finally Surpass Apple's Investor's Business Daily
SPGI,2020-07-13 01:09:00,6 Alternative Data Companies That Could Win Big At The Benzinga Global Fintech Awards Benzinga
SPGI,2020-07-13 08:00:00,10 'Hot' Dividend Stocks Backfire On You And Warren Buffett Investor's Business Daily
SPGI,2020-07-09 12:00:00,S&P Global (SPGI) Is Up 3.62% in One Week: What You Should Know Zacks
SPGI,2020-07-08 11:55:00,S&P Global Is a Financial Stock You Should Know Motley Fool
SPGI,2020-07-08 10:00:00,S&P Dow Jones Indices Reports $42.5 Billion Decrease in U.S. Indicated Dividend Payments for Q2 2020; Worst Quarter since Q1 2009 PR Newswire
SPGI,2020-07-08 08:49:00,S&P Global (SPGI) Announces Launch of RiskGauge Reports Zacks
SPGI,2020-07-07 09:00:00,"S&P Global Market Intelligence Launches S&P Global RiskGauge Reports, Providing Access to More than 50 Million Company Credit Risk Profiles PR Newswire"
SPGI,2020-07-07 06:41:00,3 Best-Performing Dividend Aristocrats in the First Half of 2020: Are They Buys Now? Motley Fool
SPGI,2020-07-07 04:56:00,Versatility key for crude benchmarks to withstand COVID test PR Newswire
SPGI,2020-07-06 09:00:00,Q2 broadcast M&A market stalled due to COVID-19 crisis PR Newswire
SPGI,2020-07-02 05:26:00,Were Hedge Funds Right About Selling S&P Global Inc. (SPGI)? Insider Monkey
SPGI,2020-07-02 12:21:00,"S&P Global Schedules Second Quarter 2020 Earnings Announcement and Conference Call for Tuesday, July 28, 2020 PR Newswire"
SPGI,2020-07-02 08:59:00,S&P Global Platts Launches R-PET Price Assessments for Asia Zacks
SPGI,2020-07-01 01:41:00,Norway's Hydro a Triple Win at S&P Global Platts Global Metals Awards PR Newswire
SPGI,2020-07-01 09:01:00,S&P Global Adds Jet Fuel Price Information to MySky Platform Zacks
SPGI,2020-06-30 11:56:00,S&P Global Platts to Assess Prices for Asia Recycled Plastics PR Newswire
SPGI,2020-06-30 03:46:00,3 ETFs With Q2 Gains Of At Least 30% Benzinga
SPGI,2020-06-30 10:01:00,Annual Home Price Gains Remained Steady In April According To S&P CoreLogic Case-Shiller Index PR Newswire
SPGI,2020-06-30 09:30:00,MySky Signs Strategic Agreement with S&P Global Platts to Provide Private Aviation Stakeholders with Industry-Leading Data PR Newswire
SPGI,2020-06-29 12:45:00,Here is Why Growth Investors Should Buy S&P Global (SPGI) Now Zacks
SPGI,2020-06-25 05:48:00,SITE Centers Set to Join S&P SmallCap 600 PR Newswire
SPGI,2020-06-25 10:00:00,S&P Global Platts Launches New Benchmark for US Crude: Platts American GulfCoast Select PR Newswire
SPGI,2020-06-25 08:30:00,S&P 500 Buybacks Return to $200 Billion Range in Q1 2020; Expectations for Q2 2020 are Low as Companies Suspend Programs PR Newswire
SPGI,2020-06-24 05:55:00,TopBuild Set to Join S&P MidCap 400; Retail Properties of America and Brandywine Realty Trust to Join S&P SmallCap 600 PR Newswire
SPGI,2020-06-23 05:15:00,S&P Dow Jones Indices Announces Change to the S&P/TSX Canadian Dividend Aristocrats Index CNW Group
SPGI,2020-06-23 02:21:00,S&P Global Declares Quarterly Dividend PR Newswire
SPGI,2020-06-22 06:21:00,Grocery Outlet Holding Set to Join S&P MidCap 400; Brinker International to Join S&P SmallCap 600 PR Newswire
SPGI,2020-06-18 09:15:00,COVID-19 Shakes Up the Future of Work PR Newswire
SPGI,2020-06-17 05:33:00,Independent Bank Group Set to Join S&P SmallCap 600 PR Newswire
SPGI,2020-06-16 10:08:00,S&P/Experian Consumer Credit Default Indices Show Drop In Composite Rate In May 2020 PR Newswire
SPGI,2020-06-16 09:00:00,Highly disrupted corporate and financial information flow begins recovery from COVID-19 PR Newswire
SPGI,2020-06-16 08:00:00,Eight Companies Make Money Hand Over Fist During Pandemic Investor's Business Daily
SPGI,2020-06-15 08:00:00,"You're Paying Way Too Much For 10 Major Stocks, Analysts Warn Investor's Business Daily"
SPGI,2020-06-12 05:15:00,S&P Dow Jones Indices Announces Changes to the S&P/TSX Composite Index and S&P/TSX 60 Index CNW Group
SPGI,2020-06-12 08:00:00,Market's Freak-Out Moment Shows What A Second Wave Looks Like Investor's Business Daily
SPGI,2020-06-12 02:29:00,Edited Transcript of SPGI earnings conference call or presentation 28-Apr-20 12:30pm GMT Thomson Reuters StreetEvents
SPGI,2020-06-11 10:00:00,"S&P Global Platts to Assess Prices of MMA, Used in Personal Safety Plexiglass PR Newswire -7.29%"
SPGI,2020-06-11 08:00:00,Turn Tough Times Into Good Ones Like S&P Global's Doug Peterson Investor's Business Daily
SPGI,2020-06-11 01:30:00,Europes Rescue Package Gives Bond Yields a Chance Bloomberg
SPGI,2020-06-10 05:51:00,Zynex Set to Join S&P SmallCap 600 PR Newswire
SPGI,2020-06-10 08:00:00,Here Are Safer Ways To Own Rebounding Stocks Up 100% Or More Investor's Business Daily
SPGI,2020-10-08 10:30:00,"S&P Dow Jones Indices Reports $2.3 Billion Decrease in U.S. Indicated Dividend Payments for Q3 2020, up from Q2's $42.5 billion decline PR Newswire"
SPGI,2020-10-05 07:29:00,Vontier Set to Join S&P 500 PR Newswire
SPGI,2020-10-05 10:52:00,S&P Global (SPGI) Stock Rises 32.9% Year to Date: Here's Why Zacks
SPGI,2020-10-05 10:00:00,"S&P Global Ratings Awarded ""Best Rating Agency of the Year"" at the GlobalCapital Bond Awards 2020 PR Newswire"
SPGI,2020-10-05 04:00:00,World's First High-Frequency Decentralized Energy Market Helps Drive Port of Rotterdam's Energy Transition PR Newswire
SPGI,2020-10-01 07:06:00,Pool Set to Join S&P 500; Neogen & Simpson Manufacturing to Join S&P MidCap 400; Others to Join S&P SmallCap 600 PR Newswire
SPGI,2020-10-01 02:30:00,"S&P Global Schedules Third Quarter 2020 Earnings Announcement and Conference Call for Tuesday, October 27, 2020 PR Newswire"
SPGI,2020-09-30 06:54:00,SailPoint Technologies Holdings Set to Join S&P MidCap 400; Sally Beauty Holdings to Join S&P SmallCap 600 PR Newswire
SPGI,2020-09-30 09:19:00,S&P Global Declares Quarterly Dividend PR Newswire
SPGI,2020-09-29 10:14:00,S&P CoreLogic Case-Shiller Index Reports 4.8% Annual Home Price Gain In July PR Newswire
SPGI,2020-09-29 08:00:00,S&P Global Is One Dividend Aristocrat That Can Survive a Second Market Crash Motley Fool
SPGI,2020-09-29 02:48:00,Petronet Selects Platts West India Marker for November LNG cargo tender PR Newswire
SPGI,2020-09-25 05:47:00,Chesapeake Utilities to Join S&P SmallCap 600 PR Newswire
SPGI,2020-09-25 12:45:00,3 Reasons Growth Investors Will Love S&P Global (SPGI) Zacks
SPGI,2020-09-25 08:32:00,Finalists Announced for 22nd Annual 2020 S&P Global Platts Global Energy Awards PR Newswire
SPGI,2020-09-24 01:30:00,Active Managers Are Suffering a Perilous Pandemic Bloomberg
SPGI,2020-09-21 07:50:00,"S&P Index Manager Charged With $900,000 Insider-Trading Scheme Bloomberg"
SPGI,2020-09-21 06:41:00,Fulgent Genetics Set to Join S&P SmallCap 600 PR Newswire
SPGI,2020-09-21 09:38:00,S&P Global Platts Launches First Sustainable Aviation Fuel Price Assessments in Americas PR Newswire
SPGI,2020-09-21 06:10:00,Trucost Climate Analytics and Environmental Data now Integrated into the S&P Global Market Intelligence Platform PR Newswire
SPGI,2020-09-16 09:00:00,S&P Global Market Intelligence Expands SME Data Coverage with 10 million European Private Companies PR Newswire
SPGI,2020-09-15 08:00:00,The Argus Dividend Growth Portfolio Argus Research
SPGI,2020-09-15 10:19:00,S&P/Experian Consumer Credit Default Indices Show Composite Rate Steady In August 2020 PR Newswire
SPGI,2020-09-15 10:15:00,S&P 500 Buybacks Decline 55.4% to $88.7 Billion; Significant Reductions Expected to continue in Q3 2020 PR Newswire
SPGI,2020-09-14 02:47:00,Cairn India selects Platts Dated Brent for Oil Pricing PR Newswire
SPGI,2020-09-10 11:30:00,"S&P Global to Present at the virtual Barclays Global Financial Services Conference on September 14, 2020 PR Newswire"
SPGI,2020-09-09 12:45:00,3 Reasons Why Growth Investors Shouldn't Overlook S&P Global (SPGI) Zacks
SPGI,2020-09-09 09:15:00,S&P Global Market Intelligence and Snowflake Collaborate to Enable Seamless Delivery of Financial and Alternative Data PR Newswire
SPGI,2020-09-08 04:05:00,"Kohl's Ejected From the S&P 500 Index, Rolls Out New Loyalty Program Motley Fool"
SPGI,2020-09-07 08:00:00,Weekly Stock List Argus Research
SPGI,2020-09-07 10:43:00,S&P Global (SPGI) Stock Rises 26.4% Year to Date: Here's Why Zacks
SPGI,2020-09-07 09:29:00,Why Should You Hold S&P Global (SPGI) in Your Portfolio? Zacks
SPGI,2020-09-03 04:55:00,"For Tesla Stock, Friday Could Be the Day the S&P 500 Decides Barrons.com -6.53%"
SPGI,2020-09-03 09:30:00,S&P Global Market Intelligence Becomes Exclusive Provider of Citigroup Aftermarket Research PR Newswire
SPGI,2020-09-01 06:47:00,Comparing the 2 Big Ratings Agencies: Moody's and S&P Global GuruFocus.com
SPGI,2020-09-01 06:00:00,How S&P Global Benefited from the COVID-19 Crash Motley Fool
SPGI,2020-08-31 09:30:00,New S&P Global ESG and TCFD Reports Highlight Company's Progress on Sustainability Commitments PR Newswire
SPGI,2020-08-28 03:03:00,Hedge Funds Are Cashing Out Of S&P Global Inc. (SPGI) Insider Monkey
SPGI,2020-08-27 11:31:00,Why Is S&P Global (SPGI) Up 1.3% Since Last Earnings Report? Zacks
SPGI,2020-08-27 06:45:00,Apple Stock Split Prompts Significant Changes in the Dow Zacks
SPGI,2020-08-26 04:53:00,Crossmark's Victoria Fernandez on why she's taking a 'barbell' approach when investing right now Yahoo Finance Video
SPGI,2020-08-25 06:19:00,Lithia Motors Set to Join S&P MidCap 400; BankUnited & Trupanion to Join S&P SmallCap 600 PR Newswire
SPGI,2020-08-25 06:18:00,"S&P 500 Gains on Dow Jones Changes, but Most Stocks Close Lower Motley Fool"
SPGI,2020-08-25 10:49:00,Biggest ESG ETFs Are Being Overshadowed by Clean-Energy Funds Bloomberg
SPGI,2020-08-25 10:30:00,S&P CoreLogic Case-Shiller Index Reports 4.3% Annual Home Price Gain in June PR Newswire
SPGI,2020-08-25 12:17:00,"Apple Stock Split Causes Dow Jones Industrial Average Shuffle; Salesforce, Amgen, Honeywell To Make Entry Benzinga"
SPGI,2020-08-24 06:23:00,"Salesforce.com, Amgen and Honeywell International Set to Join Dow Jones Industrial Average PR Newswire"
SPGI,2020-08-24 01:05:00,Top Financial Stocks for September 2020 Investopedia
SPGI,2020-08-20 08:58:00,S&P Global (SPGI) Hits 52-Week High: What's Driving It? Zacks
SPGI,2020-08-18 10:56:00,S&P/Experian Consumer Credit Default Indices Show Composite Rate Unchanged In July 2020 PR Newswire
SPGI,2020-08-17 07:14:00,"McGraw-Hill Global Education Holdings, LLC -- Moody's downgrades McGraw Hill CFR to Caa2; outlook negative Moody's"
SPGI,2020-08-17 04:17:00,"Olstein Capital Trims Lowe's, eBay Holdings GuruFocus.com"
SPGI,2020-08-17 07:00:00,"S&P Global Announces Expiration of Tender Offer for Any and All of Its Outstanding 4.400% Senior Notes Due 2026, 6.550% Senior Notes Due 2037 and 4.500% Senior Notes due 2048 PR Newswire"
SPGI,2020-08-17 06:36:00,S&P Global Platts Launches First Sustainable Aviation Fuel Price Assessments in Europe PR Newswire
SPGI,2020-08-14 02:58:00,"S&P Global Announces Pricing of Tender Offer for Any and All of Its Outstanding 4.400% Senior Notes Due 2026, 6.550% Senior Notes due 2037 and 4.500% Senior Notes due 2048 PR Newswire"
SPGI,2020-08-14 09:00:00,Rapid declines for multichannel subscriptions persist in second quarter PR Newswire
SPGI,2020-08-13 09:12:00,S&P Global Announces Redemption of Its Outstanding 4.400% Senior Notes Due 2026 PR Newswire
SPGI,2020-08-13 09:00:00,COVID-19 Accelerated Media and Technology Adoption for Chinese Consumers PR Newswire
SPGI,2020-08-11 05:52:00,Builders FirstSource Set to Join S&P MidCap 400; FB Financial & CoreCivic to Join S&P SmallCap 600 PR Newswire
SPGI,2020-08-10 06:48:00,"S&P Global Announces Pricing of Public Offering of $600,000,000 Senior Notes due 2030 and $700,000,000 Senior Notes due 2060 PR Newswire"
SPGI,2020-08-10 01:01:00,S&P Global Inc. -- Moody's assigns A3 rating to S&P Global's senior unsecured notes in $1.7 billion tender Moody's
SPGI,2020-08-10 12:00:00,"S&P Global to Present at the UBS Financial Services Virtual Conference on August 12, 2020 PR Newswire"
SPGI,2020-08-10 11:08:00,Is S&P Global (SPGI) a Smart Long-term Buy? Insider Monkey
SPGI,2020-08-10 08:45:00,S&P Global Announces Public Offering of Senior Notes PR Newswire
SPGI,2020-08-06 03:38:00,S&P Global Inc. -- Moody's announces completion of a periodic review of ratings of S&P Global Inc. Moody's
SPGI,2020-08-06 07:00:00,"Corporate Chieftains Can Talk Less, Pay More Bloomberg"
SPGI,2020-08-05 04:53:00,S&P Dow Jones Indices Completes Its Annual Review of Adherence with IOSCO Principles for Financial Benchmarks PR Newswire
SPGI,2020-08-05 04:00:00,Is Firm Behind S&P 500 Set To Pop With 48.3% Profit Margin? Investor's Business Daily
SPGI,2020-08-03 05:34:00,PepsiCo Slashed in David Carlson's 2nd-Quarter Portfolio GuruFocus.com
SPGI,2020-08-03 04:07:00,"Elfun Trust Trims PepsiCo, Gilead GuruFocus.com"
SPGI,2020-08-03 04:30:00,S&P Global Platts Launches Oil Fundamental Data APIs to Digitize Commodity Markets PR Newswire
SPGI,2020-08-01 09:00:00,An Accommodative Federal Reserve Helps Drive Higher Earnings for S&P Global Motley Fool
SPGI,2020-07-29 07:08:00,Park National Set to Join S&P SmallCap 600 PR Newswire
SPGI,2020-07-29 05:20:00,How the coronavirus is crushing credit ratings Reuters
SPGI,2020-07-29 05:05:00,How the coronavirus is crushing credit ratings Reuters
SPGI,2020-07-28 06:49:00,"Sunrun, IAA & Rexford Industrial Realty Set to Join S&P MidCap 400; Bancfirst, Deluxe & Carpenter Technology to Join S&P SmallCap 600 PR Newswire"
SPGI,2020-07-28 04:01:00,S&P Global Inc. (SPGI) Q2 2020 Earnings Call Transcript Motley Fool
SPGI,2020-07-28 11:03:00,"S&P Global (SPGI) Beats Q2 Earnings Estimates, Ups EPS View Zacks"
SPGI,2020-07-28 11:02:00,S&P CoreLogic Case-Shiller Index Reports 4.5% Annual Home Price Gain In May PR Newswire
SPGI,2020-07-28 08:35:00,S&P Global (SPGI) Surpasses Q2 Earnings and Revenue Estimates Zacks
SPGI,2020-07-28 07:10:00,S&P Global Revenue Increased 14% In Second Quarter PR Newswire
SPGI,2020-07-27 08:00:00,Tech Giants Suffer $155 Billion Hit As Reckoning Nears Investor's Business Daily
SPGI,2020-07-24 08:58:00,S&P Global Market Intelligence Bolsters Aftermarket Offering with addition of Credit Suisse Research PR Newswire
SPGI,2020-07-23 10:26:00,Is a Beat in the Cards for S&P Global (SPGI) in Q2 Earnings? Zacks
SPGI,2020-07-23 08:00:00,Hidden Risk: Which Giant Stocks Dominate All 11 Sectors? Investor's Business Daily
SPGI,2020-07-21 12:31:00,S&P Global (SPGI) Earnings Expected to Grow: What to Know Ahead of Next Week's Release Zacks
SPGI,2020-07-21 09:48:00,S&P/Experian Consumer Credit Default Indices Show Lower Composite Rate For Fourth Consecutive Month In June 2020 PR Newswire
SPGI,2020-07-21 08:00:00,Tax Free? 41 Big And Profitable U.S. Companies Paid No Tax Investor's Business Daily
SPGI,2020-07-20 06:36:00,Emergent BioSolutions Set to Join S&P MidCap 400; First Hawaiian to Join S&P SmallCap 600 PR Newswire
SPGI,2020-07-20 08:00:00,10 Companies' Profit Misses Blow Up In Investors' Faces Investor's Business Daily
SPGI,2020-07-17 07:13:00,Why MSCI and S&P Global Stock Are Worth Buying at Any Price Barrons.com
SPGI,2020-07-17 08:00:00,7 Smaller Retailers Give Amazon.com A Run For Its Money Investor's Business Daily
SPGI,2020-07-17 05:33:00,Crude Prices Drift but Gasoline Hits 2-Week Low on Virus Fears Investing.com
SPGI,2020-07-16 09:00:00,S&P Global (SPGI) Touches 52-Week High: What's Driving It? Zacks
SPGI,2020-07-16 08:00:00,11 Top Stocks (Like Tesla And Moderna) Still Missing In The S&P 500 Investor's Business Daily
SPGI,2020-07-15 08:00:00,How Investors Lost A Fifth Of Their Money On A Stock Yielding 3% Investor's Business Daily
SPGI,2020-07-14 09:00:00,S&P Global Market Intelligence and Oliver Wyman Collaborate to Launch First-of-its-Kind Climate-Linked Credit Analytics Model Suite PR Newswire
SPGI,2020-07-14 08:00:00,Analysts: One Company's Profit Will Finally Surpass Apple's Investor's Business Daily
SPGI,2020-07-13 01:09:00,6 Alternative Data Companies That Could Win Big At The Benzinga Global Fintech Awards Benzinga
SPGI,2020-09-25 05:47:00,Chesapeake Utilities to Join S&P SmallCap 600 PR Newswire
SPGI,2020-09-25 12:45:00,3 Reasons Growth Investors Will Love S&P Global (SPGI) Zacks
SPGI,2020-09-25 08:32:00,Finalists Announced for 22nd Annual 2020 S&P Global Platts Global Energy Awards PR Newswire
SPGI,2020-09-24 01:30:00,Active Managers Are Suffering a Perilous Pandemic Bloomberg
SPGI,2020-09-21 07:50:00,"S&P Index Manager Charged With $900,000 Insider-Trading Scheme Bloomberg"
SPGI,2020-09-21 06:41:00,Fulgent Genetics Set to Join S&P SmallCap 600 PR Newswire
SPGI,2020-09-21 09:38:00,S&P Global Platts Launches First Sustainable Aviation Fuel Price Assessments in Americas PR Newswire
SPGI,2020-09-21 06:10:00,Trucost Climate Analytics and Environmental Data now Integrated into the S&P Global Market Intelligence Platform PR Newswire
SPGI,2020-09-16 09:00:00,S&P Global Market Intelligence Expands SME Data Coverage with 10 million European Private Companies PR Newswire
SPGI,2020-09-15 08:00:00,The Argus Dividend Growth Portfolio Argus Research
SPGI,2020-09-15 10:19:00,S&P/Experian Consumer Credit Default Indices Show Composite Rate Steady In August 2020 PR Newswire
SPGI,2020-09-15 10:15:00,S&P 500 Buybacks Decline 55.4% to $88.7 Billion; Significant Reductions Expected to continue in Q3 2020 PR Newswire
SPGI,2020-09-14 02:47:00,Cairn India selects Platts Dated Brent for Oil Pricing PR Newswire
SPGI,2020-09-10 11:30:00,"S&P Global to Present at the virtual Barclays Global Financial Services Conference on September 14, 2020 PR Newswire"
SPGI,2020-09-09 12:45:00,3 Reasons Why Growth Investors Shouldn't Overlook S&P Global (SPGI) Zacks
SPGI,2020-09-09 09:15:00,S&P Global Market Intelligence and Snowflake Collaborate to Enable Seamless Delivery of Financial and Alternative Data PR Newswire
SPGI,2020-09-08 04:05:00,"Kohl's Ejected From the S&P 500 Index, Rolls Out New Loyalty Program Motley Fool"
SPGI,2020-09-07 08:00:00,Weekly Stock List Argus Research
SPGI,2020-09-07 10:43:00,S&P Global (SPGI) Stock Rises 26.4% Year to Date: Here's Why Zacks
SPGI,2020-09-07 09:29:00,Why Should You Hold S&P Global (SPGI) in Your Portfolio? Zacks
SPGI,2020-09-03 04:55:00,"For Tesla Stock, Friday Could Be the Day the S&P 500 Decides Barrons.com -6.53%"
SPGI,2020-09-03 09:30:00,S&P Global Market Intelligence Becomes Exclusive Provider of Citigroup Aftermarket Research PR Newswire
SPGI,2020-09-01 06:47:00,Comparing the 2 Big Ratings Agencies: Moody's and S&P Global GuruFocus.com
SPGI,2020-09-01 06:00:00,How S&P Global Benefited from the COVID-19 Crash Motley Fool
SPGI,2020-08-31 09:30:00,New S&P Global ESG and TCFD Reports Highlight Company's Progress on Sustainability Commitments PR Newswire
SPGI,2020-08-28 03:03:00,Hedge Funds Are Cashing Out Of S&P Global Inc. (SPGI) Insider Monkey
SPGI,2020-08-27 11:31:00,Why Is S&P Global (SPGI) Up 1.3% Since Last Earnings Report? Zacks
SPGI,2020-08-27 06:45:00,Apple Stock Split Prompts Significant Changes in the Dow Zacks
SPGI,2020-08-26 04:53:00,Crossmark's Victoria Fernandez on why she's taking a 'barbell' approach when investing right now Yahoo Finance Video
SPGI,2020-08-25 06:19:00,Lithia Motors Set to Join S&P MidCap 400; BankUnited & Trupanion to Join S&P SmallCap 600 PR Newswire
SPGI,2020-08-25 06:18:00,"S&P 500 Gains on Dow Jones Changes, but Most Stocks Close Lower Motley Fool"
SPGI,2020-08-25 10:49:00,Biggest ESG ETFs Are Being Overshadowed by Clean-Energy Funds Bloomberg
SPGI,2020-08-25 10:30:00,S&P CoreLogic Case-Shiller Index Reports 4.3% Annual Home Price Gain in June PR Newswire
SPGI,2020-08-25 12:17:00,"Apple Stock Split Causes Dow Jones Industrial Average Shuffle; Salesforce, Amgen, Honeywell To Make Entry Benzinga"
SPGI,2020-08-24 06:23:00,"Salesforce.com, Amgen and Honeywell International Set to Join Dow Jones Industrial Average PR Newswire"
SPGI,2020-08-24 01:05:00,Top Financial Stocks for September 2020 Investopedia
SPGI,2020-08-20 08:58:00,S&P Global (SPGI) Hits 52-Week High: What's Driving It? Zacks
SPGI,2020-08-18 10:56:00,S&P/Experian Consumer Credit Default Indices Show Composite Rate Unchanged In July 2020 PR Newswire
SPGI,2020-08-17 07:14:00,"McGraw-Hill Global Education Holdings, LLC -- Moody's downgrades McGraw Hill CFR to Caa2; outlook negative Moody's"
SPGI,2020-08-17 04:17:00,"Olstein Capital Trims Lowe's, eBay Holdings GuruFocus.com"
SPGI,2020-08-17 07:00:00,"S&P Global Announces Expiration of Tender Offer for Any and All of Its Outstanding 4.400% Senior Notes Due 2026, 6.550% Senior Notes Due 2037 and 4.500% Senior Notes due 2048 PR Newswire"
SPGI,2020-08-17 06:36:00,S&P Global Platts Launches First Sustainable Aviation Fuel Price Assessments in Europe PR Newswire
SPGI,2020-08-14 02:58:00,"S&P Global Announces Pricing of Tender Offer for Any and All of Its Outstanding 4.400% Senior Notes Due 2026, 6.550% Senior Notes due 2037 and 4.500% Senior Notes due 2048 PR Newswire"
SPGI,2020-08-14 09:00:00,Rapid declines for multichannel subscriptions persist in second quarter PR Newswire
SPGI,2020-08-13 09:12:00,S&P Global Announces Redemption of Its Outstanding 4.400% Senior Notes Due 2026 PR Newswire
SPGI,2020-08-13 09:00:00,COVID-19 Accelerated Media and Technology Adoption for Chinese Consumers PR Newswire
SPGI,2020-08-11 05:52:00,Builders FirstSource Set to Join S&P MidCap 400; FB Financial & CoreCivic to Join S&P SmallCap 600 PR Newswire
SPGI,2020-08-10 06:48:00,"S&P Global Announces Pricing of Public Offering of $600,000,000 Senior Notes due 2030 and $700,000,000 Senior Notes due 2060 PR Newswire"
SPGI,2020-08-10 01:01:00,S&P Global Inc. -- Moody's assigns A3 rating to S&P Global's senior unsecured notes in $1.7 billion tender Moody's
SPGI,2020-08-10 12:00:00,"S&P Global to Present at the UBS Financial Services Virtual Conference on August 12, 2020 PR Newswire"
SPGI,2020-08-10 11:08:00,Is S&P Global (SPGI) a Smart Long-term Buy? Insider Monkey
SPGI,2020-08-10 08:45:00,S&P Global Announces Public Offering of Senior Notes PR Newswire
SPGI,2020-08-06 03:38:00,S&P Global Inc. -- Moody's announces completion of a periodic review of ratings of S&P Global Inc. Moody's
SPGI,2020-08-06 07:00:00,"Corporate Chieftains Can Talk Less, Pay More Bloomberg"
SPGI,2020-08-05 04:53:00,S&P Dow Jones Indices Completes Its Annual Review of Adherence with IOSCO Principles for Financial Benchmarks PR Newswire
SPGI,2020-08-05 04:00:00,Is Firm Behind S&P 500 Set To Pop With 48.3% Profit Margin? Investor's Business Daily
SPGI,2020-08-03 05:34:00,PepsiCo Slashed in David Carlson's 2nd-Quarter Portfolio GuruFocus.com
SPGI,2020-08-03 04:07:00,"Elfun Trust Trims PepsiCo, Gilead GuruFocus.com"
SPGI,2020-08-03 04:30:00,S&P Global Platts Launches Oil Fundamental Data APIs to Digitize Commodity Markets PR Newswire
SPGI,2020-08-01 09:00:00,An Accommodative Federal Reserve Helps Drive Higher Earnings for S&P Global Motley Fool
SPGI,2020-07-29 07:08:00,Park National Set to Join S&P SmallCap 600 PR Newswire
SPGI,2020-07-29 05:20:00,How the coronavirus is crushing credit ratings Reuters
SPGI,2020-07-29 05:05:00,How the coronavirus is crushing credit ratings Reuters
SPGI,2020-07-28 06:49:00,"Sunrun, IAA & Rexford Industrial Realty Set to Join S&P MidCap 400; Bancfirst, Deluxe & Carpenter Technology to Join S&P SmallCap 600 PR Newswire"
SPGI,2020-07-28 04:01:00,S&P Global Inc. (SPGI) Q2 2020 Earnings Call Transcript Motley Fool
SPGI,2020-07-28 11:03:00,"S&P Global (SPGI) Beats Q2 Earnings Estimates, Ups EPS View Zacks"
SPGI,2020-07-28 11:02:00,S&P CoreLogic Case-Shiller Index Reports 4.5% Annual Home Price Gain In May PR Newswire
SPGI,2020-07-28 08:35:00,S&P Global (SPGI) Surpasses Q2 Earnings and Revenue Estimates Zacks
SPGI,2020-07-28 07:10:00,S&P Global Revenue Increased 14% In Second Quarter PR Newswire
SPGI,2020-07-27 08:00:00,Tech Giants Suffer $155 Billion Hit As Reckoning Nears Investor's Business Daily
SPGI,2020-07-24 08:58:00,S&P Global Market Intelligence Bolsters Aftermarket Offering with addition of Credit Suisse Research PR Newswire
SPGI,2020-07-23 10:26:00,Is a Beat in the Cards for S&P Global (SPGI) in Q2 Earnings? Zacks
SPGI,2020-07-23 08:00:00,Hidden Risk: Which Giant Stocks Dominate All 11 Sectors? Investor's Business Daily
SPGI,2020-07-21 12:31:00,S&P Global (SPGI) Earnings Expected to Grow: What to Know Ahead of Next Week's Release Zacks
SPGI,2020-07-21 09:48:00,S&P/Experian Consumer Credit Default Indices Show Lower Composite Rate For Fourth Consecutive Month In June 2020 PR Newswire
SPGI,2020-07-21 08:00:00,Tax Free? 41 Big And Profitable U.S. Companies Paid No Tax Investor's Business Daily
SPGI,2020-07-20 06:36:00,Emergent BioSolutions Set to Join S&P MidCap 400; First Hawaiian to Join S&P SmallCap 600 PR Newswire
SPGI,2020-07-20 08:00:00,10 Companies' Profit Misses Blow Up In Investors' Faces Investor's Business Daily
SPGI,2020-07-17 07:13:00,Why MSCI and S&P Global Stock Are Worth Buying at Any Price Barrons.com
SPGI,2020-07-17 08:00:00,7 Smaller Retailers Give Amazon.com A Run For Its Money Investor's Business Daily
SPGI,2020-07-17 05:33:00,Crude Prices Drift but Gasoline Hits 2-Week Low on Virus Fears Investing.com
SPGI,2020-07-16 09:00:00,S&P Global (SPGI) Touches 52-Week High: What's Driving It? Zacks
SPGI,2020-07-16 08:00:00,11 Top Stocks (Like Tesla And Moderna) Still Missing In The S&P 500 Investor's Business Daily
SPGI,2020-07-15 08:00:00,How Investors Lost A Fifth Of Their Money On A Stock Yielding 3% Investor's Business Daily
SPGI,2020-07-14 09:00:00,S&P Global Market Intelligence and Oliver Wyman Collaborate to Launch First-of-its-Kind Climate-Linked Credit Analytics Model Suite PR Newswire
SPGI,2020-07-14 08:00:00,Analysts: One Company's Profit Will Finally Surpass Apple's Investor's Business Daily
SPGI,2020-07-13 01:09:00,6 Alternative Data Companies That Could Win Big At The Benzinga Global Fintech Awards Benzinga
SPGI,2020-07-13 08:00:00,10 'Hot' Dividend Stocks Backfire On You And Warren Buffett Investor's Business Daily
SPGI,2020-07-09 12:00:00,S&P Global (SPGI) Is Up 3.62% in One Week: What You Should Know Zacks
SPGI,2020-07-08 11:55:00,S&P Global Is a Financial Stock You Should Know Motley Fool
SPGI,2020-07-08 10:00:00,S&P Dow Jones Indices Reports $42.5 Billion Decrease in U.S. Indicated Dividend Payments for Q2 2020; Worst Quarter since Q1 2009 PR Newswire
SPGI,2020-07-08 08:49:00,S&P Global (SPGI) Announces Launch of RiskGauge Reports Zacks
SPGI,2020-07-07 09:00:00,"S&P Global Market Intelligence Launches S&P Global RiskGauge Reports, Providing Access to More than 50 Million Company Credit Risk Profiles PR Newswire"
SPGI,2020-07-07 06:41:00,3 Best-Performing Dividend Aristocrats in the First Half of 2020: Are They Buys Now? Motley Fool
SPGI,2020-07-07 04:56:00,Versatility key for crude benchmarks to withstand COVID test PR Newswire
SPGI,2020-07-06 09:00:00,Q2 broadcast M&A market stalled due to COVID-19 crisis PR Newswire
SPGI,2020-07-02 05:26:00,Were Hedge Funds Right About Selling S&P Global Inc. (SPGI)? Insider Monkey
SPGI,2020-07-02 12:21:00,"S&P Global Schedules Second Quarter 2020 Earnings Announcement and Conference Call for Tuesday, July 28, 2020 PR Newswire"
SPGI,2020-07-02 08:59:00,S&P Global Platts Launches R-PET Price Assessments for Asia Zacks
SPGI,2020-08-27 11:31:00,Why Is S&P Global (SPGI) Up 1.3% Since Last Earnings Report? Zacks
SPGI,2020-08-27 11:11:00,Hedge Funds Are Cashing Out Of S&P Global Inc. (SPGI) Insider Monkey
SPGI,2020-08-27 06:45:00,Apple Stock Split Prompts Significant Changes in the Dow Zacks
SPGI,2020-08-26 04:53:00,Crossmark's Victoria Fernandez on why she's taking a 'barbell' approach when investing right now Yahoo Finance Video
SPGI,2020-08-25 06:19:00,Lithia Motors Set to Join S&P MidCap 400; BankUnited & Trupanion to Join S&P SmallCap 600 PR Newswire
SPGI,2020-08-25 06:18:00,"S&P 500 Gains on Dow Jones Changes, but Most Stocks Close Lower Motley Fool"
SPGI,2020-08-25 10:49:00,Biggest ESG ETFs Are Being Overshadowed by Clean-Energy Funds Bloomberg
SPGI,2020-08-25 10:30:00,S&P CoreLogic Case-Shiller Index Reports 4.3% Annual Home Price Gain in June PR Newswire
SPGI,2020-08-25 12:17:00,"Apple Stock Split Causes Dow Jones Industrial Average Shuffle; Salesforce, Amgen, Honeywell To Make Entry Benzinga"
SPGI,2020-08-24 06:23:00,"Salesforce.com, Amgen and Honeywell International Set to Join Dow Jones Industrial Average PR Newswire"
SPGI,2020-08-24 01:05:00,Top Financial Stocks for September 2020 Investopedia
SPGI,2020-08-20 08:58:00,S&P Global (SPGI) Hits 52-Week High: What's Driving It? Zacks
SPGI,2020-08-18 10:56:00,S&P/Experian Consumer Credit Default Indices Show Composite Rate Unchanged In July 2020 PR Newswire
SPGI,2020-08-17 07:14:00,"McGraw-Hill Global Education Holdings, LLC -- Moody's downgrades McGraw Hill CFR to Caa2; outlook negative Moody's"
SPGI,2020-08-17 04:17:00,"Olstein Capital Trims Lowe's, eBay Holdings GuruFocus.com"
SPGI,2020-08-17 07:00:00,"S&P Global Announces Expiration of Tender Offer for Any and All of Its Outstanding 4.400% Senior Notes Due 2026, 6.550% Senior Notes Due 2037 and 4.500% Senior Notes due 2048 PR Newswire"
SPGI,2020-08-17 06:36:00,S&P Global Platts Launches First Sustainable Aviation Fuel Price Assessments in Europe PR Newswire
SPGI,2020-08-14 02:58:00,"S&P Global Announces Pricing of Tender Offer for Any and All of Its Outstanding 4.400% Senior Notes Due 2026, 6.550% Senior Notes due 2037 and 4.500% Senior Notes due 2048 PR Newswire"
SPGI,2020-08-14 09:00:00,Rapid declines for multichannel subscriptions persist in second quarter PR Newswire
SPGI,2020-08-13 09:12:00,S&P Global Announces Redemption of Its Outstanding 4.400% Senior Notes Due 2026 PR Newswire
SPGI,2020-08-13 09:00:00,COVID-19 Accelerated Media and Technology Adoption for Chinese Consumers PR Newswire
SPGI,2020-08-11 05:52:00,Builders FirstSource Set to Join S&P MidCap 400; FB Financial & CoreCivic to Join S&P SmallCap 600 PR Newswire
SPGI,2020-08-10 06:48:00,"S&P Global Announces Pricing of Public Offering of $600,000,000 Senior Notes due 2030 and $700,000,000 Senior Notes due 2060 PR Newswire"
SPGI,2020-08-10 01:01:00,S&P Global Inc. -- Moody's assigns A3 rating to S&P Global's senior unsecured notes in $1.7 billion tender Moody's
SPGI,2020-08-10 12:00:00,"S&P Global to Present at the UBS Financial Services Virtual Conference on August 12, 2020 PR Newswire"
SPGI,2020-08-10 11:08:00,Is S&P Global (SPGI) a Smart Long-term Buy? Insider Monkey
SPGI,2020-08-10 08:45:00,S&P Global Announces Public Offering of Senior Notes PR Newswire
SPGI,2020-08-06 03:38:00,S&P Global Inc. -- Moody's announces completion of a periodic review of ratings of S&P Global Inc. Moody's
SPGI,2020-08-06 07:00:00,"Corporate Chieftains Can Talk Less, Pay More Bloomberg"
SPGI,2020-08-05 04:53:00,S&P Dow Jones Indices Completes Its Annual Review of Adherence with IOSCO Principles for Financial Benchmarks PR Newswire
SPGI,2020-08-05 04:00:00,Is Firm Behind S&P 500 Set To Pop With 48.3% Profit Margin? Investor's Business Daily
SPGI,2020-08-03 05:34:00,PepsiCo Slashed in David Carlson's 2nd-Quarter Portfolio GuruFocus.com
SPGI,2020-08-03 04:07:00,"Elfun Trust Trims PepsiCo, Gilead GuruFocus.com"
SPGI,2020-08-03 04:30:00,S&P Global Platts Launches Oil Fundamental Data APIs to Digitize Commodity Markets PR Newswire
SPGI,2020-08-01 09:00:00,An Accommodative Federal Reserve Helps Drive Higher Earnings for S&P Global Motley Fool
SPGI,2020-07-29 07:08:00,Park National Set to Join S&P SmallCap 600 PR Newswire
SPGI,2020-07-29 05:20:00,How the coronavirus is crushing credit ratings Reuters
SPGI,2020-07-29 05:05:00,How the coronavirus is crushing credit ratings Reuters
SPGI,2020-07-28 06:49:00,"Sunrun, IAA & Rexford Industrial Realty Set to Join S&P MidCap 400; Bancfirst, Deluxe & Carpenter Technology to Join S&P SmallCap 600 PR Newswire"
SPGI,2020-07-28 04:01:00,S&P Global Inc. (SPGI) Q2 2020 Earnings Call Transcript Motley Fool
SPGI,2020-07-28 11:03:00,"S&P Global (SPGI) Beats Q2 Earnings Estimates, Ups EPS View Zacks"
SPGI,2020-07-28 11:02:00,S&P CoreLogic Case-Shiller Index Reports 4.5% Annual Home Price Gain In May PR Newswire
SPGI,2020-07-28 08:35:00,S&P Global (SPGI) Surpasses Q2 Earnings and Revenue Estimates Zacks
SPGI,2020-07-28 07:10:00,S&P Global Revenue Increased 14% In Second Quarter PR Newswire
SPGI,2020-07-27 08:00:00,Tech Giants Suffer $155 Billion Hit As Reckoning Nears Investor's Business Daily
SPGI,2020-07-24 08:58:00,S&P Global Market Intelligence Bolsters Aftermarket Offering with addition of Credit Suisse Research PR Newswire
SPGI,2020-07-23 10:26:00,Is a Beat in the Cards for S&P Global (SPGI) in Q2 Earnings? Zacks
SPGI,2020-07-23 08:00:00,Hidden Risk: Which Giant Stocks Dominate All 11 Sectors? Investor's Business Daily
SPGI,2020-07-21 12:31:00,S&P Global (SPGI) Earnings Expected to Grow: What to Know Ahead of Next Week's Release Zacks
SPGI,2020-07-21 09:48:00,S&P/Experian Consumer Credit Default Indices Show Lower Composite Rate For Fourth Consecutive Month In June 2020 PR Newswire
SPGI,2020-07-21 08:00:00,Tax Free? 41 Big And Profitable U.S. Companies Paid No Tax Investor's Business Daily
SPGI,2020-07-20 06:36:00,Emergent BioSolutions Set to Join S&P MidCap 400; First Hawaiian to Join S&P SmallCap 600 PR Newswire
SPGI,2020-07-20 08:00:00,10 Companies' Profit Misses Blow Up In Investors' Faces Investor's Business Daily
SPGI,2020-07-17 07:13:00,Why MSCI and S&P Global Stock Are Worth Buying at Any Price Barrons.com
SPGI,2020-07-17 08:00:00,7 Smaller Retailers Give Amazon.com A Run For Its Money Investor's Business Daily
SPGI,2020-07-17 05:33:00,Crude Prices Drift but Gasoline Hits 2-Week Low on Virus Fears Investing.com
SPGI,2020-07-16 09:00:00,S&P Global (SPGI) Touches 52-Week High: What's Driving It? Zacks
SPGI,2020-07-16 08:00:00,11 Top Stocks (Like Tesla And Moderna) Still Missing In The S&P 500 Investor's Business Daily
SPGI,2020-07-15 08:00:00,How Investors Lost A Fifth Of Their Money On A Stock Yielding 3% Investor's Business Daily
SPGI,2020-07-14 09:00:00,S&P Global Market Intelligence and Oliver Wyman Collaborate to Launch First-of-its-Kind Climate-Linked Credit Analytics Model Suite PR Newswire
SPGI,2020-07-14 08:00:00,Analysts: One Company's Profit Will Finally Surpass Apple's Investor's Business Daily
SPGI,2020-07-13 01:09:00,6 Alternative Data Companies That Could Win Big At The Benzinga Global Fintech Awards Benzinga
SPGI,2020-07-13 08:00:00,10 'Hot' Dividend Stocks Backfire On You And Warren Buffett Investor's Business Daily
SPGI,2020-07-09 12:00:00,S&P Global (SPGI) Is Up 3.62% in One Week: What You Should Know Zacks
SPGI,2020-07-08 11:55:00,S&P Global Is a Financial Stock You Should Know Motley Fool
SPGI,2020-07-08 10:00:00,S&P Dow Jones Indices Reports $42.5 Billion Decrease in U.S. Indicated Dividend Payments for Q2 2020; Worst Quarter since Q1 2009 PR Newswire
SPGI,2020-07-08 08:49:00,S&P Global (SPGI) Announces Launch of RiskGauge Reports Zacks
SPGI,2020-07-07 09:00:00,"S&P Global Market Intelligence Launches S&P Global RiskGauge Reports, Providing Access to More than 50 Million Company Credit Risk Profiles PR Newswire"
SPGI,2020-07-07 06:41:00,3 Best-Performing Dividend Aristocrats in the First Half of 2020: Are They Buys Now? Motley Fool
SPGI,2020-07-07 04:56:00,Versatility key for crude benchmarks to withstand COVID test PR Newswire
SPGI,2020-07-06 09:00:00,Q2 broadcast M&A market stalled due to COVID-19 crisis PR Newswire
SPGI,2020-07-02 05:26:00,Were Hedge Funds Right About Selling S&P Global Inc. (SPGI)? Insider Monkey
SPGI,2020-07-02 12:21:00,"S&P Global Schedules Second Quarter 2020 Earnings Announcement and Conference Call for Tuesday, July 28, 2020 PR Newswire"
SPGI,2020-07-02 08:59:00,S&P Global Platts Launches R-PET Price Assessments for Asia Zacks
SPGI,2020-07-01 01:41:00,Norway's Hydro a Triple Win at S&P Global Platts Global Metals Awards PR Newswire
SPGI,2020-07-01 09:01:00,S&P Global Adds Jet Fuel Price Information to MySky Platform Zacks
SPGI,2020-06-30 11:56:00,S&P Global Platts to Assess Prices for Asia Recycled Plastics PR Newswire
SPGI,2020-06-30 03:46:00,3 ETFs With Q2 Gains Of At Least 30% Benzinga
SPGI,2020-06-30 10:01:00,Annual Home Price Gains Remained Steady In April According To S&P CoreLogic Case-Shiller Index PR Newswire
SPGI,2020-06-30 09:30:00,MySky Signs Strategic Agreement with S&P Global Platts to Provide Private Aviation Stakeholders with Industry-Leading Data PR Newswire
SPGI,2020-06-29 12:45:00,Here is Why Growth Investors Should Buy S&P Global (SPGI) Now Zacks
SPGI,2020-06-25 05:48:00,SITE Centers Set to Join S&P SmallCap 600 PR Newswire
SPGI,2020-06-25 10:00:00,S&P Global Platts Launches New Benchmark for US Crude: Platts American GulfCoast Select PR Newswire
SPGI,2020-06-25 08:30:00,S&P 500 Buybacks Return to $200 Billion Range in Q1 2020; Expectations for Q2 2020 are Low as Companies Suspend Programs PR Newswire
SPGI,2020-06-24 05:55:00,TopBuild Set to Join S&P MidCap 400; Retail Properties of America and Brandywine Realty Trust to Join S&P SmallCap 600 PR Newswire
SPGI,2020-06-23 05:15:00,S&P Dow Jones Indices Announces Change to the S&P/TSX Canadian Dividend Aristocrats Index CNW Group
SPGI,2020-06-23 02:21:00,S&P Global Declares Quarterly Dividend PR Newswire
SPGI,2020-06-22 06:21:00,Grocery Outlet Holding Set to Join S&P MidCap 400; Brinker International to Join S&P SmallCap 600 PR Newswire
SPGI,2020-06-18 09:15:00,COVID-19 Shakes Up the Future of Work PR Newswire
SPGI,2020-06-17 05:33:00,Independent Bank Group Set to Join S&P SmallCap 600 PR Newswire
SPGI,2020-06-16 10:08:00,S&P/Experian Consumer Credit Default Indices Show Drop In Composite Rate In May 2020 PR Newswire
SPGI,2020-06-16 09:00:00,Highly disrupted corporate and financial information flow begins recovery from COVID-19 PR Newswire
SPGI,2020-06-16 08:00:00,Eight Companies Make Money Hand Over Fist During Pandemic Investor's Business Daily
SPGI,2020-06-15 08:00:00,"You're Paying Way Too Much For 10 Major Stocks, Analysts Warn Investor's Business Daily"
SPGI,2020-06-12 05:15:00,S&P Dow Jones Indices Announces Changes to the S&P/TSX Composite Index and S&P/TSX 60 Index CNW Group
SPGI,2020-06-12 08:00:00,Market's Freak-Out Moment Shows What A Second Wave Looks Like Investor's Business Daily
SPGI,2020-06-12 02:29:00,Edited Transcript of SPGI earnings conference call or presentation 28-Apr-20 12:30pm GMT Thomson Reuters StreetEvents
SPGI,2020-06-11 10:00:00,"S&P Global Platts to Assess Prices of MMA, Used in Personal Safety Plexiglass PR Newswire -7.29%"
SPGI,2020-06-11 08:00:00,What's The Market's 'Craziest' Bubble? Check Out These 18 Stocks Investor's Business Daily
