,0,1
0,Aug-25-20 08:30AM,Marvell and TSMC Collaborate to Deliver Industry's Most Advanced Data Infrastructure Portfolio on 5nm Technology PR Newswire
1,05:15AM,TSMC Showcases Leading Technologies at Online Technology Symposium and OIP® Ecosystem Forum Business Wire
2,Aug-23-20 06:04PM,Intels $10 Billion Buyback Wont Solve Its Biggest Problems Motley Fool
3,Aug-21-20 05:45PM,TSMC (TSM) Outpaces Stock Market Gains: What You Should Know Zacks
4,06:30AM,U.S.s Huawei Sanctions Are a New Headache for Emerging Market Investors Barrons.com
5,Aug-20-20 05:05AM,"Traders Dump TSMC, Samsung in Worst Day in Asia Tech Since March Bloomberg"
6,Aug-19-20 11:10AM,The Stock Market Doesnt Care About the Trump Administrations Huawei Restrictions. Heres Why It Should. Barrons.com
7,10:14AM,"The Zacks Analyst Blog Highlights: Intel, Advanced Micro Devices, Taiwan Semiconductor Manufacturing, Advanced Energy Industries, Micron Technology and Analog Devices Zacks"
8,10:04AM,Nvidia Reports Earnings Today. Heres What To Expect. Barrons.com
9,Aug-18-20 07:01PM,U.S. Government Imposes Tight New Restrictions on Huawei Motley Fool
10,06:22PM,3 Tech Stocks to Buy as S&P 500 Closes at First Record Since the Pandemic Zacks
11,10:57AM,Should Value Investors Buy Taiwan Semiconductor (TSM) Stock? Insider Monkey
12,12:16AM,Trump Just Took the Nuclear Option on Huawei Bloomberg
13,Aug-17-20 09:36PM,U.S. Announces New Curbs on Huawei Access to U.S. Technology Bloomberg
14,01:48PM,IBM tosses hat into AMD's ring with 7-nanometer CPU MarketWatch
15,11:31AM,Unusual Options Activity Insight: Taiwan Semiconductor Benzinga
16,Aug-14-20 08:09AM,Will Taiwan Semiconductor Manufacturing Continue to Surge Higher? Zacks
17,Aug-13-20 05:54PM,Applied Materials Gives Bullish Forecast on Rising Orders Bloomberg
18,09:00AM,Intel says new transistor technology could boost chip performance 20% Reuters
19,Aug-12-20 06:32PM,Qualcomm Still Wants to Sell Chips to Huawei for 3 Reasons Motley Fool
20,05:13PM,3 Surging Tech Stocks to Buy Now for Both Growth and Dividends Zacks
21,Aug-11-20 05:00PM,Apples Climate Promise Depends on Taiwan Partners Going Green Bloomberg
22,04:25AM,SoftBank Gives Up Pretending It Isn't a Fund Bloomberg
23,Aug-10-20 11:30AM,Is Taiwan Semiconductor Manufacturing Company (TSM) Stock Outpacing Its Computer and Technology Peers This Year? Zacks
24,Aug-09-20 11:03PM,Asia Tech-Shares Selloff Seen as Buy Opportunity for Some Funds Bloomberg
25,Aug-07-20 02:33PM,How to Trade Nvidia as It Shatters Another Record Here InvestorPlace
26,Aug-06-20 03:49PM,"3 Semiconductor Stocks to Buy Now as Tech Drives Nasdaq Above 11,000 Zacks"
27,09:54AM,"Zacks Market Edge Highlights: Advanced Micro Devices, Intel, QUALCOMM, NVIDIA and Taiwan Semiconductor Manufacturing Zacks"
28,Aug-05-20 06:00PM,A Taiwan Tech Company Bigger Than Foxconn (Not TSMC) Bloomberg
29,10:00AM,Why Intel Dropped 20.2% in July Motley Fool
30,08:45AM,4 Things to Know About TSMCs Growing Chinese Semiconductor Rival Motley Fool
31,03:33AM,REFILE-SMIC founder says 'optimistic' China can catch up with U.S. in semiconductors Reuters
32,Aug-04-20 08:28PM,AMDs Stock Is Up 80% This Year. Why the Rally Could Keep Going. Barrons.com
33,11:53AM,AMD stock surges to new record on road to $100 billion market cap MarketWatch
34,11:48AM,The 4 Catalysts Launching AMD Toward Historic Highs Motley Fool
35,Aug-02-20 05:30PM,3 Dividend-Paying Tech Stocks to Buy Right Now Motley Fool
36,Jul-31-20 09:32PM,ASE Technology Holding Co Ltd (ASX) Q2 2020 Earnings Call Transcript Motley Fool
37,12:45PM,3 Tailwinds Are Lifting TSMCs Stock to New All-Time Highs Motley Fool
38,Jul-30-20 11:52AM,10 Biggest Semiconductor Companies Investopedia
39,10:51AM,Semiconductor Short Sellers Take $800M Hit From AMD Earnings Beat Benzinga
40,09:35AM,Semiconductor ETF (SMH) Hits New 52-Week High Zacks
41,Jul-29-20 10:51PM,"Samsung Beats Earnings Estimates on Recovery of Chips, Gadget Sales Bloomberg +7.48%"
42,05:06PM,3 Tech Dividend Stocks to Buy in August Motley Fool
43,10:38AM,Charts Suggest It's Time to Buy Into Emerging Markets Investopedia
44,08:00AM,3 ETFs Enjoying The Benefits of Taiwan Semiconductor Exposure Benzinga
45,08:00AM,Watch These 10 Stocks as Asian Tech Stands to Take $25 Billion Huawei Hit TheStreet.com
46,01:27AM,Huawei Supplier Hires Ex-U.S. Official as China Tensions Grow Bloomberg
47,Jul-28-20 09:02PM,AMD Gains Chip Market Share at Intels Expense; Shares Surge Bloomberg -7.60%
48,01:13PM,Analyzing Taiwan Semiconductor's Unusual Options Activity Benzinga
49,10:24AM,Intels Latest Setback Should Please AMD Investors Motley Fool
50,Jul-27-20 11:48PM,TSMC Pares Gains After $72 Billion Surge to Start the Week Bloomberg +12.65%
51,11:21PM,Samsung Electronics shares rally on Intel's chip outsourcing plan Reuters
52,11:14PM,Samsung Elec shares rally on Intel's chip outsourcing plan Reuters
53,05:41PM,The Tech Analyst Who Screamed Buy TSM at $50! Zacks
54,03:56PM,Stock Market Today With Jim Cramer: The Semiconductor to Buy TheStreet.com
55,03:27PM,"Taiwan Semiconductor Shares Spike 11%, Key Rating Jumps Amid Report Of Huge Chip Order Investor's Business Daily"
56,12:33PM,"Dow Jones Gains as Intel Reportedly Places Order With TSMC, Walgreens CEO Resigns Motley Fool"
57,11:08AM,Chipmaker TSMC Gains on Intel's Production and Delay Pain TheStreet.com
58,11:06AM,"Why Sogou, Sohu.com, and Taiwan Semiconductor Manufacturing Stocks All Popped Today Motley Fool"
59,11:01AM,"What Mark Cuban Says Could Be The Greatest Threat To America's Tech, Military Future Benzinga"
60,10:58AM,Taiwan Semi's stock soars toward another record in wake of Intel's outsourcing announcement MarketWatch
61,07:52AM,"GLOBAL MARKETS-Gold roars to record high, dollar dives again Reuters"
62,05:24AM,"GLOBAL MARKETS-Gold soars to record high, stocks stay uncertain Reuters"
63,03:48AM,TSMCs $35 Billion Rally Puts Taiwan Stock Index Above 1990 Peak Bloomberg
64,03:24AM,Gold Pierces Record as Dollar Sinks; Stocks Mixed: Markets Wrap Bloomberg
65,02:34AM,"GLOBAL MARKETS-Gold hits record high, stocks mixed as U.S.-China ties worsen Reuters"
66,Jul-26-20 11:18PM,"GLOBAL MARKETS-Gold hits record high as U.S.-China ties worsen, Asia stocks helped by tech Reuters"
67,10:08PM,Shares of Taiwan's TSMC soar after Intel's apparent manufacturing retreat Reuters
68,11:00AM,Intel Just Validated Apple's Decision to Ditch It Motley Fool
69,Jul-24-20 11:07PM,Intel Stunning Failure Heralds End of Era for U.S. Chip Sector Bloomberg +9.69%
70,06:15PM,Intels Manufacturing Delay Is a Red Flag for All Chip Stocks. Heres Why. Barrons.com
71,05:01PM,"5 Top Stock Trades for Monday: AMD, TSLA, NKLA, TSM, SAM InvestorPlace"
72,04:27PM,Intel Stock Tanks On Production Delay For Next-Generation Chips Investor's Business Daily
73,04:11PM,AMD stock price closes above Intel's as next-gen chip saga takes surprise turn MarketWatch
74,01:32PM,Intel (INTC) Plummets As The Company Falls Behind Moore's Law Zacks
75,01:07PM,Why Taiwan Semiconductor Stock Jumped Today Motley Fool
76,10:21AM,Intel Plunges as It Weighs Exit From Manufacturing Chips Bloomberg
77,08:40AM,Intel faces massive Wall Street backlash on next-gen chip delay MarketWatch
78,12:37AM,"Intel chip delay forces shift to using more outside factories, shares drop Reuters"
79,Jul-23-20 08:52PM,Intel Slumps After Chip Production Process Delayed Again Bloomberg
80,08:52PM,[video]Intel's Manufacturing Setback Must Be Music to AMD and TSMC's Ears TheStreet.com
81,07:20PM,Intel Just Gave Investors Even More Reason to Worry Bloomberg
82,11:30AM,Is Taiwan Semiconductor Manufacturing Company (TSM) Stock Outpacing Its Computer and Technology Peers This Year? Zacks
83,Jul-22-20 10:01AM,"The Zacks Analyst Blog Highlights: ASML, Taiwan Semiconductor Manufacturing Company and Limelight Networks Zacks"
84,09:43AM,"Taiwan Semiconductor Manufacturing Company, Boot Barn, Snap, Texas Instruments and TD Ameritrade highlighted as Zacks Bull and Bear of the Day Zacks"
85,06:00AM,Bull Of The Day: Taiwan Semiconductor Manufacturing Co. (TSM) Zacks
86,Jul-21-20 08:11AM,Top Ranked Momentum Stocks to Buy for July 21st Zacks
87,Jul-20-20 12:06PM,Will Taiwan Semiconductor Continue to Surge Higher? Zacks
88,07:00AM,These 3 Stocks Have a Killer Advantage Motley Fool
89,Jul-19-20 06:00PM,Tech's June Jump May Lead to December Disappointment Bloomberg
90,01:33AM,Japan plans to invite TSMC to build joint chip plant: Yomiuri Reuters
91,01:33AM,Japan plans to invite TSMC to build joint chip plant - Yomiuri Reuters
92,Jul-17-20 03:27AM,Japanese shares extend falls as coronavirus worries persist Reuters
93,Jul-16-20 11:58PM,REFILE-Japanese shares surrender early gains on coronavirus worries Reuters
94,09:55PM,Singapores Hottest Stock Is Set to Continue Its Winning Streak Bloomberg
95,04:47PM,5G and Data Center Demand Has Taiwan Semiconductor Riding High Motley Fool
96,04:29PM,"Taiwan Semiconductor Beats Targets On 5G, Data Center Chips Investor's Business Daily"
97,03:30PM,Taiwan Semiconductor Manufacturing Company Limited (TSM) Q2 2020 Earnings Call Transcript Motley Fool
98,09:50AM,"TSMC Posts Record Q2 Profits, Sees Robust Chip Demand In 2020 Amid 5G Boost TheStreet.com"
99,08:52AM,Better Buy: Advanced Micro Devices vs. Taiwan Semiconductor Motley Fool
